,danceability,energy,loudness,acousticness,instrumentalness,liveness,valence,tempo,Genre
0,0.486,0.937,-2.866,0.0404,2.26e-06,0.108,0.68,149.925,yodel
1,0.479,0.834,-4.246,0.0883,0.0,0.494,0.893,125.433,yodel
2,0.574,0.771,-5.461,0.707,0.0,0.141,0.962,125.092,yodel
3,0.521,0.732,-4.321,0.352,0.0,0.049,0.965,127.093,yodel
4,0.537,0.597,-4.319,0.605,0.0,0.0653,0.933,108.774,yodel
5,0.599,0.735,-4.262,0.499,0.0,0.0566,0.963,113.398,yodel
6,0.415,0.407,-5.867,0.737,0.0,0.123,0.532,97.788,yodel
7,0.457,0.687,-4.269,0.278,0.0,0.0321,0.791,100.12,yodel
8,0.538,0.638,-4.144,0.412,0.0,0.043,0.927,137.808,yodel
9,0.596,0.771,-4.124,0.662,0.0,0.0973,0.836,120.381,yodel
10,0.492,0.351,-6.896,0.609,0.0,0.0932,0.475,99.929,yodel
11,0.397,0.597,-5.803,0.241,0.0,0.249,0.551,123.821,yodel
12,0.461,0.625,-3.899,0.599,0.0,0.064,0.831,123.799,yodel
13,0.547,0.648,-4.128,0.48,0.0,0.268,0.872,133.641,yodel
14,0.489,0.77,-5.786,0.462,0.0,0.148,0.921,118.782,yodel
15,0.576,0.213,-7.825,0.724,1.37e-06,0.116,0.344,97.41,yodel
16,0.502,0.723,-4.374,0.473,0.000129,0.11,0.961,121.177,yodel
17,0.614,0.761,-4.434,0.057,0.0,0.214,0.954,131.644,yodel
18,0.495,0.646,-7.103,0.135,0.682,0.066,0.961,130.354,yodel
19,0.739,0.727,-4.284,0.642,0.0,0.0998,0.968,116.312,yodel
20,0.615,0.695,-4.161,0.665,0.0,0.0525,0.97,131.226,yodel
21,0.499,0.702,-5.223,0.651,0.0,0.0803,0.907,127.028,yodel
22,0.423,0.805,-4.082,0.447,0.0,0.317,0.424,123.364,yodel
23,0.373,0.705,-5.775,0.364,6.56e-06,0.135,0.764,124.745,yodel
24,0.644,0.468,-5.199,0.591,0.0,0.0453,0.856,120.881,yodel
25,0.388,0.503,-5.743,0.121,0.0,0.184,0.31,176.154,yodel
26,0.627,0.581,-7.302,0.726,1.4e-06,0.102,0.966,131.466,yodel
27,0.636,0.698,-5.117,0.718,0.0,0.204,0.921,108.023,yodel
28,0.299,0.551,-4.809,0.746,0.0,0.0833,0.61,97.708,yodel
29,0.695,0.621,-7.092,0.274,0.0,0.109,0.822,107.061,yodel
30,0.644,0.6,-4.327,0.366,0.0,0.149,0.964,113.739,yodel
31,0.399,0.63,-5.456,0.393,0.0,0.428,0.179,126.631,yodel
32,0.651,0.586,-4.258,0.577,0.0,0.143,0.858,103.161,yodel
33,0.514,0.391,-7.166,0.439,0.0,0.127,0.603,115.999,yodel
34,0.61,0.449,-5.312,0.383,0.0,0.118,0.802,80.626,yodel
35,0.252,0.397,-6.217,0.846,0.0,0.0794,0.389,97.072,yodel
36,0.606,0.448,-6.631,0.0825,2.45e-06,0.193,0.503,108.229,yodel
37,0.56,0.651,-4.59,0.295,0.0,0.168,0.866,127.918,yodel
38,0.541,0.605,-5.22,0.54,0.0,0.0749,0.903,136.798,yodel
39,0.531,0.673,-4.075,0.789,0.0,0.118,0.94,106.14,yodel
40,0.705,0.567,-8.994,0.34,0.0,0.323,0.771,114.918,yodel
41,0.402,0.475,-5.535,0.0676,0.0,0.109,0.398,89.751,yodel
42,0.602,0.471,-6.197,0.373,0.0,0.0819,0.693,99.576,yodel
43,0.603,0.896,-4.652,0.667,0.0,0.0791,0.772,113.555,yodel
44,0.503,0.317,-7.343,0.559,0.0,0.0836,0.529,103.507,yodel
45,0.399,0.27,-9.425,0.198,0.0,0.136,0.249,125.861,yodel
46,0.618,0.639,-5.362,0.251,0.0,0.0535,0.889,122.148,yodel
47,0.592,0.597,-7.22,0.523,0.0,0.19,0.76,107.135,yodel
48,0.416,0.599,-6.948,0.541,0.0,0.234,0.415,105.819,yodel
49,0.357,0.487,-6.528,0.26,0.0,0.103,0.394,106.175,yodel
0,0.502,0.723,-4.374,0.473,0.000129,0.11,0.961,121.177,yodel
1,0.542,0.821,-4.364,0.733,2.53e-06,0.139,0.957,125.179,yodel
2,0.601,0.554,-5.329,0.849,0.0,0.174,0.692,117.639,yodel
3,0.538,0.638,-4.144,0.412,0.0,0.043,0.927,137.808,yodel
4,0.669,0.621,-5.022,0.445,0.0,0.0601,0.94,109.9,yodel
5,0.537,0.597,-4.319,0.605,0.0,0.0653,0.933,108.774,yodel
0,0.725,0.348,-7.618,0.859,1.22e-06,0.179,0.963,130.056,yodel
1,0.352,0.263,-8.854,0.95,0.0,0.106,0.439,105.263,yodel
2,0.468,0.279,-11.155,0.914,0.0,0.0774,0.962,199.887,yodel
3,0.411,0.589,-7.305,0.977,0.000733,0.103,0.784,105.912,yodel
4,0.851,0.302,-9.624,0.908,0.0313,0.0714,0.896,127.763,yodel
5,0.519,0.0817,-11.439,0.995,0.0,0.0912,0.515,100.138,yodel
6,0.686,0.543,-9.747,0.871,1.52e-05,0.75,0.966,112.039,yodel
7,0.527,0.428,-10.612,0.825,0.0,0.101,0.902,134.919,yodel
8,0.609,0.295,-10.543,0.722,0.335,0.0709,0.949,92.865,yodel
9,0.474,0.276,-10.545,0.862,0.0,0.168,0.608,87.465,yodel
10,0.533,0.323,-12.824,0.812,0.00047,0.347,0.965,82.082,yodel
11,0.812,0.192,-12.818,0.612,0.0,0.303,0.888,113.794,yodel
12,0.409,0.463,-6.713,0.846,0.0,0.254,0.872,137.167,yodel
13,0.504,0.645,-9.042,0.38,0.0,0.185,0.971,148.26,yodel
14,0.546,0.556,-5.283,0.818,1.61e-05,0.0871,0.906,143.471,yodel
15,0.59,0.205,-15.186,0.978,0.0225,0.108,0.859,116.911,yodel
16,0.577,0.396,-9.825,0.874,0.000116,0.0549,0.961,80.757,yodel
17,0.49,0.667,-9.227,0.848,0.927,0.108,0.94,137.945,yodel
18,0.604,0.32,-11.89,0.556,0.0,0.134,0.962,127.709,yodel
19,0.55,0.287,-13.152,0.895,0.0,0.104,0.819,87.777,yodel
20,0.567,0.779,-5.32,0.731,1.02e-06,0.179,0.957,125.098,yodel
21,0.285,0.116,-14.985,0.995,0.246,0.139,0.35,122.111,yodel
22,0.43,0.362,-10.743,0.975,0.000172,0.094,0.705,84.241,yodel
23,0.345,0.659,-8.99,0.667,0.0852,0.322,0.504,70.527,yodel
24,0.634,0.57,-8.053,0.97,0.00974,0.12,0.971,82.499,yodel
25,0.418,0.25,-12.118,0.404,0.0,0.359,0.608,67.753,yodel
26,0.441,0.0361,-22.956,0.992,0.0595,0.124,0.462,74.943,yodel
27,0.517,0.0648,-17.583,0.952,8.24e-05,0.0573,0.611,103.102,yodel
28,0.721,0.332,-11.948,0.908,0.0496,0.0687,0.924,146.495,yodel
29,0.66,0.223,-17.305,0.97,0.307,0.164,0.959,139.575,yodel
30,0.547,0.385,-10.477,0.814,0.0,0.105,0.864,126.787,yodel
31,0.356,0.632,-12.275,0.797,0.0,0.135,0.989,169.723,yodel
32,0.535,0.787,-3.456,0.712,0.000666,0.196,0.974,138.026,yodel
33,0.416,0.477,-5.764,0.846,0.0,0.36,0.664,98.779,yodel
34,0.602,0.403,-9.494,0.793,6.94e-05,0.0476,0.785,97.521,yodel
35,0.396,0.246,-11.879,0.976,0.00792,0.172,0.829,189.64,yodel
36,0.488,0.469,-11.141,0.803,0.00799,0.0224,0.955,141.507,yodel
37,0.167,0.122,-12.739,0.992,0.196,0.0942,0.154,173.892,yodel
38,0.572,0.426,-10.637,0.922,1.02e-05,0.311,0.797,77.243,yodel
39,0.486,0.135,-13.551,0.937,0.0,0.0869,0.203,55.3,yodel
40,0.513,0.433,-7.174,0.938,0.0002,0.361,0.664,126.283,yodel
41,0.568,0.248,-11.544,0.807,0.0,0.0726,0.753,135.025,yodel
42,0.473,0.0934,-11.028,0.94,0.0,0.0983,0.21,129.239,yodel
43,0.416,0.599,-6.948,0.541,0.0,0.234,0.415,105.819,yodel
44,0.201,0.275,-9.377,0.819,1.71e-05,0.256,0.27,72.198,yodel
45,0.658,0.733,-9.488,0.665,0.55,0.0404,0.966,127.053,yodel
46,0.726,0.387,-11.364,0.719,0.0,0.563,0.844,117.012,yodel
47,0.629,0.314,-10.636,0.814,1.34e-06,0.0496,0.748,125.545,yodel
48,0.559,0.514,-4.672,0.746,0.0,0.139,0.933,83.272,yodel
49,0.574,0.0978,-15.519,0.993,0.000101,0.104,0.413,77.833,yodel
50,0.521,0.732,-4.321,0.352,0.0,0.049,0.965,127.093,yodel
51,0.637,0.434,-11.549,0.802,0.000118,0.292,0.899,126.819,yodel
52,0.515,0.658,-6.065,0.677,0.0,0.136,0.938,129.591,yodel
53,0.267,0.396,-5.416,0.896,0.0,0.0933,0.259,170.561,yodel
54,0.615,0.129,-14.102,0.964,0.0,0.115,0.556,87.212,yodel
55,0.643,0.4,-10.22,0.884,1.14e-05,0.171,0.834,108.502,yodel
56,0.732,0.479,-9.318,0.857,0.00238,0.197,0.966,112.199,yodel
57,0.574,0.0978,-15.519,0.993,0.000101,0.104,0.413,77.833,yodel
58,0.675,0.435,-12.275,0.724,0.0241,0.306,0.961,126.679,yodel
59,0.682,0.32,-18.704,0.915,1.32e-06,0.248,0.963,121.945,yodel
0,0.653,0.609,-7.519,0.263,0.00101,0.233,0.482,95.982,Blues
1,0.763,0.629,-8.66,0.0891,0.0,0.169,0.709,142.149,Blues
2,0.857,0.867,-4.952,0.0271,0.0,0.128,0.918,104.382,Blues
3,0.527,0.631,-5.442,0.0401,0.0,0.0801,0.348,116.405,Blues
4,0.73,0.38,-8.558,0.0319,4.93e-05,0.12,0.323,114.973,Blues
5,0.701,0.669,-5.265,0.271,0.0,0.158,0.446,83.066,Blues
6,0.858,0.484,-7.448,0.0241,1.8e-06,0.123,0.329,99.992,Blues
7,0.779,0.715,-5.886,0.297,0.0,0.157,0.621,126.036,Blues
8,0.547,0.341,-10.072,0.904,0.00149,0.0953,0.0647,137.052,Blues
9,0.623,0.271,-11.719,0.995,0.0229,0.13,0.535,105.085,Blues
10,0.691,0.542,-8.161,0.0112,0.0,0.098,0.587,80.052,Blues
11,0.791,0.61,-5.408,0.288,0.00123,0.0457,0.907,93.277,Blues
12,0.547,0.294,-10.202,0.0607,0.786,0.0933,0.11,105.027,Blues
13,0.819,0.774,-2.53,0.0297,0.000626,0.0896,0.947,95.004,Blues
14,0.697,0.629,-5.757,0.409,3.8e-06,0.0819,0.439,123.279,Blues
15,0.733,0.676,-5.655,0.0697,0.0,0.208,0.701,97.448,Blues
16,0.707,0.543,-4.61,0.151,0.0,0.384,0.824,144.18,Blues
17,0.857,0.69,-4.474,0.0415,0.0,0.0942,0.799,121.09,Blues
18,0.64,0.433,-9.432,0.509,4.9e-06,0.103,0.25,176.086,Blues
19,0.494,0.425,-5.317,0.848,5.12e-05,0.0895,0.275,66.602,Blues
20,0.77,0.458,-10.663,0.0533,1.53e-05,0.139,0.177,127.956,Blues
21,0.73,0.244,-14.235,0.913,0.0,0.0879,0.734,114.782,Blues
22,0.772,0.59,-6.957,0.0917,0.0,0.101,0.743,83.998,Blues
23,0.625,0.576,-5.693,0.0543,4.07e-05,0.187,0.235,179.063,Blues
24,0.639,0.907,-4.749,0.0444,0.0,0.114,0.699,120.954,Blues
25,0.635,0.795,-5.089,0.0448,1.48e-05,0.119,0.404,103.951,Blues
26,0.816,0.675,-8.23,0.0864,0.000143,0.0793,0.615,151.444,Blues
27,0.625,0.456,-9.537,0.104,0.000161,0.334,0.642,73.927,Blues
28,0.675,0.311,-11.959,0.93,0.000261,0.102,0.638,97.159,Blues
29,0.764,0.525,-5.969,0.0296,0.0,0.0993,0.787,95.813,Blues
30,0.432,0.214,-13.655,0.886,5.83e-06,0.0933,0.274,204.426,Blues
31,0.754,0.319,-8.773,0.425,1.1e-06,0.127,0.382,129.858,Blues
32,0.61,0.41,-9.215,0.442,0.0,0.113,0.116,109.962,Blues
33,0.547,0.59,-9.194,0.171,0.0,0.0391,0.442,126.11,Blues
34,0.878,0.417,-6.799,0.0444,0.0,0.0833,0.904,77.49,Blues
35,0.944,0.511,-10.96,0.042,0.00107,0.0379,0.842,113.046,Blues
36,0.573,0.712,-5.976,0.0572,0.0,0.167,0.346,140.012,Blues
37,0.878,0.821,-9.875,0.126,0.0461,0.183,0.947,118.881,Blues
38,0.39,0.335,-12.717,0.669,0.0,0.0958,0.295,77.975,Blues
39,0.781,0.628,-5.765,0.0923,0.00146,0.227,0.362,122.024,Blues
40,0.319,0.232,-14.57,0.902,0.000103,0.0873,0.296,175.309,Blues
41,0.725,0.888,-4.272,0.384,0.00269,0.163,0.595,87.011,Blues
42,0.693,0.599,-5.971,0.417,0.0,0.0963,0.632,147.886,Blues
43,0.499,0.61,-5.11,0.473,0.0,0.0722,0.436,172.969,Blues
44,0.767,0.551,-7.328,0.00364,0.0,0.0451,0.796,100.904,Blues
45,0.415,0.369,-10.044,0.0303,7.64e-06,0.383,0.0913,95.746,Blues
46,0.472,0.532,-5.882,0.586,0.0,0.106,0.152,129.777,Blues
47,0.78,0.71,-7.429,0.0143,3.49e-05,0.0366,0.858,96.067,Blues
48,0.724,0.778,-5.648,0.101,0.0,0.252,0.858,75.007,Blues
49,0.66,0.707,-5.758,0.397,0.0,0.211,0.761,89.279,Blues
50,0.835,0.707,-5.074,0.0219,2.19e-05,0.108,0.919,93.955,Blues
51,0.592,0.473,-8.848,0.496,6.87e-06,0.103,0.158,118.134,Blues
52,0.561,0.764,-6.645,0.373,0.0,0.157,0.598,145.158,Blues
53,0.815,0.513,-8.363,0.0145,0.000102,0.14,0.17,96.982,Blues
54,0.902,0.614,-6.529,0.184,0.000742,0.0867,0.862,94.069,Blues
55,0.731,0.405,-7.927,0.107,0.0,0.0602,0.54,112.918,Blues
56,0.494,0.511,-12.054,0.0325,0.0,0.641,0.506,168.255,Blues
57,0.845,0.576,-5.15,0.139,0.0,0.0764,0.461,127.641,Blues
58,0.566,0.693,-6.917,0.361,0.0,0.0806,0.838,78.743,Blues
59,0.677,0.52,-6.255,0.00277,0.0,0.0532,0.768,203.862,Blues
60,0.587,0.648,-6.954,0.0279,0.0,0.962,0.37,119.888,Blues
61,0.626,0.441,-10.637,0.761,0.0138,0.0685,0.563,78.094,Blues
62,0.733,0.521,-3.657,0.107,0.0,0.0692,0.525,112.913,Blues
63,0.477,0.706,-6.625,0.0485,0.0,0.247,0.644,79.881,Blues
64,0.685,0.38,-11.219,0.373,0.0,0.0371,0.87,175.562,Blues
65,0.771,0.674,-5.136,0.171,0.0,0.096,0.686,125.01,Blues
66,0.771,0.728,-5.39,0.184,0.0,0.139,0.809,131.109,Blues
67,0.742,0.579,-6.289,0.283,0.133,0.152,0.541,130.033,Blues
68,0.767,0.839,-5.519,0.0318,9.31e-06,0.111,0.461,98.055,Blues
69,0.67,0.616,-6.123,0.573,0.0,0.0535,0.523,120.129,Blues
70,0.731,0.355,-12.741,0.00864,5.14e-05,0.0579,0.529,175.72,Blues
71,0.684,0.176,-18.217,0.992,0.0113,0.174,0.644,109.723,Blues
72,0.697,0.536,-9.113,0.314,0.00303,0.344,0.734,99.972,Blues
73,0.353,0.921,-5.64,0.0488,0.065,0.314,0.526,145.589,Blues
74,0.808,0.535,-12.521,0.179,9.91e-05,0.158,0.848,114.031,Blues
75,0.88,0.728,-6.939,0.136,5.42e-05,0.337,0.715,160.976,Blues
76,0.467,0.752,-3.244,0.208,0.0,0.164,0.728,122.775,Blues
77,0.545,0.325,-15.253,0.943,0.315,0.112,0.039,105.85,Blues
78,0.685,0.508,-6.4,0.193,0.0,0.139,0.315,99.063,Blues
79,0.461,0.653,-8.617,0.158,0.0,0.197,0.588,81.628,Blues
80,0.578,0.588,-4.92,0.415,0.0,0.114,0.3,79.174,Blues
81,0.649,0.478,-7.503,0.274,0.0,0.176,0.151,99.967,Blues
82,0.986,0.597,-6.809,0.145,2.18e-06,0.197,0.761,115.004,Blues
83,0.869,0.672,-5.66,0.184,0.0,0.076,0.813,120.954,Blues
84,0.819,0.778,-5.839,0.029,0.0,0.215,0.779,96.72,Blues
85,0.673,0.614,-5.426,0.0782,0.0,0.139,0.362,176.052,Blues
86,0.652,0.678,-6.183,0.183,3.26e-05,0.106,0.28,72.989,Blues
87,0.169,0.0111,-37.808,0.973,0.196,0.118,0.0335,87.662,Classical
88,0.342,0.0192,-39.219,0.875,0.0787,0.0615,0.189,159.236,Classical
89,0.301,0.0903,-20.611,0.984,3.69e-06,0.216,0.0454,97.108,Classical
90,0.371,0.114,-21.628,0.92,0.656,0.0729,0.357,128.553,Classical
91,0.522,0.418,-14.22,0.668,0.767,0.0812,0.764,145.848,Classical
92,0.276,0.0318,-28.722,0.969,0.263,0.173,0.195,169.745,Classical
93,0.542,0.308,-13.207,0.849,0.0,0.12,0.9,118.569,Classical
94,0.486,0.153,-21.492,0.872,0.0745,0.133,0.501,114.879,Classical
95,0.49,0.431,-10.915,0.804,0.00697,0.0906,0.596,123.756,Classical
96,0.3,0.446,-11.353,0.938,0.82,0.542,0.263,99.2,Classical
97,0.333,0.125,-19.339,0.72,0.456,0.0902,0.203,113.221,Classical
98,0.559,0.0088,-27.55,0.969,0.412,0.175,0.593,75.446,Classical
99,0.24,0.0598,-25.736,0.994,0.284,0.0935,0.0425,65.73,Classical
100,0.398,0.373,-14.065,0.889,0.193,0.121,0.61,106.688,Classical
101,0.22,0.0695,-23.639,0.995,0.931,0.0981,0.253,87.635,Classical
102,0.161,0.013,-33.076,0.944,1.97e-05,0.326,0.0292,174.853,Classical
103,0.237,0.145,-23.722,0.964,0.363,0.133,0.0562,118.554,Classical
104,0.382,0.162,-18.373,0.954,0.122,0.327,0.0977,128.373,Classical
105,0.153,0.0949,-21.12,0.675,0.843,0.11,0.0804,71.286,Classical
106,0.402,0.00514,-39.616,0.809,0.524,0.0623,0.616,79.14,Classical
107,0.307,0.229,-15.872,0.764,0.652,0.104,0.238,123.624,Classical
108,0.355,0.188,-18.089,0.975,0.859,0.122,0.214,113.537,Classical
109,0.298,0.00138,-30.876,0.971,0.549,0.126,0.067,97.923,Classical
110,0.173,0.051,-22.169,0.966,0.834,0.149,0.0357,131.446,Classical
111,0.685,0.126,-19.387,0.952,0.0,0.486,0.513,96.347,Classical
112,0.24,0.1,-28.866,0.994,0.902,0.0948,0.407,131.763,Classical
113,0.327,0.0193,-29.775,0.979,0.936,0.131,0.252,71.586,Classical
114,0.215,0.166,-16.627,0.865,0.682,0.106,0.0411,103.442,Classical
115,0.445,0.00237,-29.051,0.99,0.000254,0.0859,0.218,68.008,Classical
116,0.542,0.234,-16.543,0.979,0.19,0.106,0.85,99.875,Classical
117,0.29,0.0077,-38.933,0.983,0.921,0.0787,0.0386,135.607,Classical
118,0.254,0.0643,-22.552,0.995,0.368,0.112,0.0366,83.251,Classical
119,0.58,0.262,-15.236,0.936,0.115,0.126,0.779,116.804,Classical
120,0.353,0.0982,-24.508,0.9,0.00216,0.928,0.493,155.262,Classical
121,0.382,0.0673,-24.081,0.967,0.83,0.122,0.151,87.721,Classical
122,0.574,0.319,-12.236,0.851,0.623,0.113,0.821,108.831,Classical
123,0.355,0.0956,-19.114,0.917,3.77e-06,0.181,0.222,89.024,Classical
124,0.413,0.0149,-23.076,0.994,0.866,0.189,0.0409,62.251,Classical
125,0.625,0.161,-19.353,0.897,0.377,0.0838,0.477,126.343,Classical
126,0.32,0.0428,-24.863,0.977,0.532,0.191,0.173,66.667,Classical
127,0.452,0.312,-16.241,0.855,0.0292,0.141,0.96,149.509,Classical
128,0.52,0.271,-18.128,0.757,0.442,0.211,0.742,111.288,Classical
129,0.242,0.0602,-28.842,0.967,0.482,0.0649,0.1,93.449,Classical
130,0.215,0.00212,-44.964,0.765,0.547,0.116,0.148,128.158,Classical
131,0.148,0.0448,-21.949,0.947,0.707,0.156,0.0398,138.218,Classical
132,0.176,0.188,-18.77,0.964,0.464,0.261,0.089,178.595,Classical
133,0.381,0.212,-17.582,0.829,0.012,0.147,0.442,119.702,Classical
134,0.288,0.0843,-25.855,0.946,8.67e-06,0.103,0.0516,99.394,Classical
135,0.48,0.252,-15.25,0.964,2.11e-05,0.047,0.664,118.158,Classical
136,0.0784,0.101,-23.881,0.537,0.756,0.442,0.0368,173.937,Classical
137,0.249,0.088,-20.827,0.907,0.0,0.0912,0.0389,82.083,Classical
138,0.491,0.32,-18.408,0.94,0.928,0.294,0.698,118.179,Classical
139,0.442,0.181,-20.419,0.906,0.656,0.0598,0.172,115.884,Classical
140,0.236,0.0313,-29.697,0.978,0.215,0.0567,0.0738,115.18,Classical
141,0.322,0.0202,-25.93,0.958,0.0316,0.134,0.0753,89.7,Classical
142,0.372,0.378,-12.41,0.896,0.932,0.0562,0.35,121.975,Classical
143,0.266,0.119,-26.396,0.942,0.516,0.0604,0.242,105.388,Classical
144,0.441,0.225,-15.557,0.954,0.000203,0.111,0.359,139.984,Classical
145,0.615,0.277,-15.298,0.741,3.02e-06,0.0722,0.881,114.258,Classical
146,0.678,0.133,-17.729,0.946,0.121,0.16,0.911,85.798,Classical
147,0.435,0.475,-13.228,0.963,0.889,0.0761,0.067,103.751,Classical
148,0.45,0.185,-18.629,0.816,0.481,0.0793,0.287,82.647,Classical
149,0.391,0.219,-16.974,0.963,0.269,0.122,0.19,141.392,Classical
150,0.196,0.00292,-32.297,0.977,0.182,0.0606,0.0645,81.154,Classical
151,0.601,0.293,-15.337,0.847,0.596,0.0956,0.936,135.078,Classical
152,0.106,0.00814,-32.071,0.967,0.878,0.0539,0.0294,78.349,Classical
153,0.624,0.391,-18.415,0.711,0.000494,0.217,0.945,110.699,Classical
154,0.317,0.0371,-23.772,0.754,0.0,0.108,0.275,112.042,Classical
155,0.146,0.0154,-30.523,0.966,0.0572,0.344,0.152,75.297,Classical
156,0.107,0.0507,-27.726,0.127,0.646,0.0962,0.0336,91.478,Classical
157,0.689,0.042,-20.964,0.98,0.0633,0.298,0.765,95.912,Classical
158,0.553,0.31,-14.553,0.983,0.214,0.117,0.243,126.493,Classical
159,0.198,0.014,-28.786,0.988,0.281,0.11,0.134,151.575,Classical
160,0.195,0.0562,-21.434,0.936,0.595,0.29,0.0391,100.849,Classical
161,0.232,0.119,-17.026,0.898,0.0207,0.305,0.316,78.762,Classical
162,0.425,0.185,-17.394,0.985,0.242,0.181,0.613,159.861,Classical
163,0.152,0.153,-19.234,0.946,0.831,0.128,0.0366,104.67,Classical
164,0.411,0.0858,-19.42,0.883,0.0,0.233,0.162,71.099,Classical
165,0.678,0.36,-15.211,0.835,0.928,0.188,0.697,118.217,Classical
166,0.458,0.057,-21.953,0.986,0.0,0.098,0.14,108.129,Classical
167,0.214,0.135,-20.162,0.975,0.00156,0.194,0.12,93.643,Classical
168,0.432,0.212,-23.966,0.996,0.925,0.107,0.294,125.339,Classical
169,0.38,0.157,-15.583,0.972,4.47e-06,0.102,0.211,111.875,Classical
170,0.328,0.221,-21.468,0.955,0.855,0.103,0.608,99.199,Classical
171,0.192,0.0395,-25.63,0.979,5.18e-05,0.0899,0.0386,86.619,Classical
172,0.196,0.252,-17.561,0.984,0.0921,0.0695,0.107,85.037,Classical
173,0.531,0.00724,-33.067,0.993,0.929,0.103,0.2,111.692,Classical
174,0.631,0.951,-6.203,0.108,0.836,0.173,0.703,124.007,EDM
175,0.621,0.551,-7.89,0.486,0.0,0.115,0.222,105.052,EDM
176,0.719,0.705,-5.057,0.0175,0.0,0.348,0.599,100.03,EDM
177,0.642,0.525,-7.715,0.0261,0.0,0.0985,0.252,96.09,EDM
178,0.637,0.813,-5.199,0.0289,0.0,0.0906,0.429,122.963,EDM
179,0.689,0.505,-6.389,0.158,0.0,0.138,0.312,99.017,EDM
180,0.605,0.853,-4.161,0.0138,0.0,0.225,0.424,122.901,EDM
181,0.827,0.681,-4.905,0.0341,7.12e-05,0.418,0.603,113.966,EDM
182,0.728,0.794,-3.992,0.148,0.0,0.0688,0.523,112.071,EDM
183,0.698,0.859,-5.234,0.114,0.208,0.228,0.518,126.039,EDM
184,0.505,0.572,-5.561,0.179,0.0,0.225,0.273,126.005,EDM
185,0.795,0.749,-8.058,0.0371,0.00195,0.0575,0.72,123.052,EDM
186,0.569,0.789,-4.607,0.564,0.0,0.294,0.603,160.014,EDM
187,0.511,0.774,-5.84,0.602,0.000971,0.194,0.665,114.891,EDM
188,0.71,0.728,-6.74,0.0215,2.75e-06,0.506,0.254,105.006,EDM
189,0.661,0.731,-6.445,0.0403,0.0,0.236,0.68,123.913,EDM
190,0.676,0.918,-5.723,0.000447,0.00396,0.133,0.337,124.004,EDM
191,0.794,0.728,-6.759,0.121,8.82e-06,0.227,0.36,105.024,EDM
192,0.685,0.951,-4.889,0.0184,0.0531,0.065,0.582,124.978,EDM
193,0.75,0.731,-6.289,0.0493,2.55e-06,0.0718,0.391,123.012,EDM
194,0.517,0.916,-5.253,0.155,0.00012,0.603,0.343,125.197,EDM
195,0.673,0.737,-5.709,0.0198,6.62e-06,0.0869,0.498,119.984,EDM
196,0.579,0.578,-5.361,0.0304,0.000229,0.1,0.356,78.582,EDM
197,0.504,0.729,-5.624,0.0808,0.0,0.0948,0.535,109.71,EDM
198,0.748,0.767,-5.335,0.141,5.06e-06,0.0999,0.821,112.025,EDM
199,0.763,0.608,-8.1,0.262,2.5e-05,0.12,0.393,121.02,EDM
200,0.754,0.697,-4.387,0.0759,0.0551,0.0955,0.753,123.997,EDM
201,0.743,0.898,-4.8,0.109,0.000235,0.16,0.723,112.035,EDM
202,0.67,0.895,-3.549,0.144,0.0,0.341,0.386,121.913,EDM
203,0.6,0.788,-4.482,0.247,0.0,0.105,0.301,94.038,EDM
204,0.535,0.906,-4.699,0.0202,0.000715,0.0886,0.732,126.012,EDM
205,0.639,0.933,-3.059,0.0714,0.0,0.497,0.452,124.951,EDM
206,0.596,0.576,-7.636,0.31,0.0,0.112,0.159,107.963,EDM
207,0.553,0.789,-8.845,0.000345,0.0167,0.044,0.177,125.011,EDM
208,0.68,0.913,-2.343,0.00565,0.0,0.288,0.669,121.961,EDM
209,0.699,0.511,-7.312,0.462,0.000121,0.11,0.331,157.987,EDM
210,0.646,0.761,-2.557,0.0714,0.0,0.222,0.472,129.916,EDM
211,0.663,0.846,-4.015,0.192,0.0,0.173,0.59,123.995,EDM
212,0.702,0.844,-4.739,0.129,4.31e-05,0.139,0.788,126.036,EDM
213,0.623,0.743,-4.704,0.00768,0.0,0.754,0.637,145.056,EDM
214,0.738,0.868,-4.373,0.0389,0.00171,0.388,0.336,122.003,EDM
215,0.704,0.902,-4.003,0.0862,0.000845,0.168,0.402,124.007,EDM
216,0.673,0.596,-7.891,0.166,0.0,0.11,0.19,123.969,EDM
217,0.494,0.81,-4.37,0.0564,0.0,0.104,0.426,104.913,EDM
218,0.641,0.529,-11.536,0.00441,0.000862,0.0809,0.449,121.027,EDM
219,0.752,0.78,-5.669,0.00337,0.000539,0.747,0.307,123.023,EDM
220,0.704,0.634,-7.374,0.393,3.17e-05,0.0952,0.411,113.927,EDM
221,0.636,0.77,-5.671,0.469,0.0,0.268,0.443,118.038,EDM
222,0.639,0.865,-5.01,0.00462,1.26e-06,0.208,0.611,124.01,EDM
223,0.659,0.708,-5.474,0.513,0.0,0.173,0.428,96.985,EDM
224,0.612,0.686,-6.838,0.173,0.0,0.141,0.326,122.115,EDM
225,0.55,0.689,-7.76,0.0498,0.0,0.207,0.408,99.904,EDM
226,0.575,0.601,-8.986,0.0206,0.0224,0.0708,0.204,122.012,EDM
227,0.755,0.783,-6.256,0.605,0.00663,0.203,0.419,104.022,EDM
228,0.722,0.812,-3.352,0.0205,2.51e-05,0.131,0.657,124.909,EDM
229,0.713,0.368,-12.845,0.612,0.323,0.0886,0.22,124.989,EDM
230,0.674,0.731,-8.944,0.0116,0.298,0.0836,0.0882,125.033,EDM
231,0.483,0.787,-5.244,0.112,0.0,0.257,0.58,122.058,EDM
232,0.483,0.787,-5.244,0.112,0.0,0.257,0.58,122.058,EDM
233,0.674,0.587,-9.21,0.343,7.9e-05,0.189,0.444,94.01,EDM
234,0.725,0.762,-8.247,0.00774,0.0165,0.31,0.751,124.001,EDM
235,0.535,0.844,-5.458,0.119,0.0,0.106,0.266,126.046,EDM
236,0.548,0.511,-9.043,0.164,0.0,0.213,0.193,140.973,EDM
237,0.715,0.88,-5.151,0.0734,0.000173,0.369,0.773,103.063,EDM
238,0.617,0.675,-6.695,0.0938,9.45e-05,0.0945,0.224,122.009,EDM
239,0.707,0.882,-7.46,0.0606,0.0132,0.105,0.208,125.005,EDM
240,0.569,0.789,-4.607,0.564,0.0,0.294,0.603,160.014,EDM
241,0.716,0.814,-5.276,0.0114,0.0,0.258,0.528,119.986,EDM
242,0.805,0.501,-7.395,0.0135,0.0385,0.0996,0.387,122.029,EDM
243,0.768,0.691,-6.712,0.0766,3.85e-05,0.0645,0.252,121.896,EDM
244,0.815,0.817,-5.902,0.0366,0.00275,0.376,0.572,127.998,EDM
245,0.743,0.766,-5.401,0.00287,0.456,0.0917,0.625,124.993,EDM
246,0.604,0.688,-7.411,0.0945,0.0,0.14,0.349,145.072,EDM
247,0.74,0.745,-3.848,0.255,0.000186,0.094,0.352,126.015,EDM
248,0.595,0.752,-5.232,0.58,0.0,0.105,0.758,199.971,EDM
249,0.78,0.722,-4.873,0.0376,5.51e-05,0.097,0.674,120.026,EDM
250,0.654,0.803,-5.137,0.254,0.000993,0.579,0.517,119.991,EDM
251,0.775,0.573,-4.933,0.495,0.0,0.126,0.667,101.925,EDM
252,0.741,0.74,-6.503,0.0196,0.0003,0.142,0.342,97.982,EDM
253,0.636,0.856,-4.454,0.0114,5.49e-05,0.203,0.316,125.0,EDM
254,0.839,0.644,-5.159,0.161,0.762,0.086,0.102,104.98,EDM
255,0.927,0.573,-5.804,0.0339,0.000179,0.1,0.767,114.994,EDM
256,0.706,0.524,-8.804,0.127,0.00129,0.109,0.296,111.991,EDM
257,0.766,0.698,-7.549,0.329,0.0,0.0835,0.204,123.926,EDM
258,0.626,0.925,-6.158,0.0286,0.0104,0.138,0.536,124.99,EDM
259,0.777,0.663,-6.117,0.146,1.52e-05,0.174,0.614,118.016,EDM
260,0.735,0.861,-3.751,0.053,1.46e-05,0.104,0.458,114.043,EDM
261,0.354,0.272,-13.642,0.907,0.612,0.0848,0.263,90.566,Ghazal
262,0.36,0.627,-8.877,0.649,0.00155,0.399,0.484,146.691,Ghazal
263,0.283,0.328,-14.536,0.959,0.542,0.666,0.372,92.772,Ghazal
264,0.403,0.439,-15.154,0.073,0.00069,0.0828,0.325,84.822,Ghazal
265,0.38,0.347,-13.936,0.956,0.00818,0.36,0.382,112.394,Ghazal
266,0.485,0.345,-8.763,0.759,0.0,0.381,0.411,108.407,Ghazal
267,0.702,0.771,-1.108,0.628,0.0,0.0942,0.773,120.022,Ghazal
268,0.634,0.32,-12.356,0.422,0.0,0.153,0.65,91.039,Ghazal
269,0.687,0.43,-10.31,0.6,2.49e-06,0.132,0.241,115.01,Ghazal
270,0.681,0.242,-18.064,0.597,0.000192,0.105,0.549,90.635,Ghazal
271,0.578,0.547,-8.561,0.574,0.000269,0.0384,0.529,128.4,Ghazal
272,0.553,0.584,-10.815,0.726,0.0,0.255,0.868,97.94,Ghazal
273,0.341,0.108,-11.888,0.995,0.591,0.196,0.514,73.871,Ghazal
274,0.4,0.918,-0.531,0.42,0.0,0.157,0.783,95.885,Ghazal
275,0.304,0.651,-10.418,0.743,0.000367,0.474,0.683,80.771,Ghazal
276,0.705,0.48,-12.556,0.909,0.00473,0.0944,0.8,108.178,Ghazal
277,0.43,0.482,-9.293,0.798,0.000714,0.108,0.736,79.583,Ghazal
278,0.686,0.838,-11.438,0.0496,4.69e-05,0.38,0.565,91.966,Ghazal
279,0.851,0.749,-7.18,0.183,0.00503,0.0586,0.707,127.037,Ghazal
280,0.236,0.37,-17.172,0.732,0.00181,0.0728,0.551,144.419,Ghazal
281,0.905,0.641,-8.235,0.018,3.01e-05,0.205,0.885,119.953,Ghazal
282,0.503,0.423,-8.344,0.935,0.00482,0.352,0.371,85.061,Ghazal
283,0.576,0.558,-9.808,0.774,0.000599,0.176,0.718,109.107,Ghazal
284,0.328,0.349,-17.146,0.887,0.917,0.539,0.484,112.874,Ghazal
285,0.746,0.449,-10.063,0.249,0.00298,0.128,0.666,122.004,Ghazal
286,0.522,0.342,-11.994,0.92,0.0131,0.137,0.359,84.202,Ghazal
287,0.503,0.423,-8.344,0.935,0.00482,0.352,0.371,85.061,Ghazal
288,0.803,0.426,-11.54,0.418,2.23e-05,0.11,0.556,114.945,Ghazal
289,0.449,0.626,-5.715,0.82,0.0,0.616,0.467,100.004,Ghazal
290,0.684,0.557,-11.187,0.0183,0.0,0.17,0.799,122.009,Ghazal
291,0.394,0.517,-11.817,0.362,2.26e-06,0.129,0.646,157.333,Ghazal
292,0.575,0.428,-14.992,0.475,6.3e-05,0.315,0.729,134.851,Ghazal
293,0.589,0.885,-3.4,0.545,0.0,0.132,0.831,91.01,Ghazal
294,0.364,0.639,-12.455,0.43,2.75e-05,0.156,0.644,99.072,Ghazal
295,0.521,0.329,-11.96,0.833,8.94e-05,0.152,0.598,100.149,Ghazal
296,0.312,0.502,-12.55,0.458,0.000273,0.481,0.378,140.627,Ghazal
297,0.57,0.288,-16.153,0.958,0.453,0.0817,0.72,131.731,Ghazal
298,0.571,0.509,-8.782,0.918,0.000293,0.264,0.905,104.911,Ghazal
299,0.436,0.619,-11.49,0.739,1.94e-05,0.0695,0.668,87.631,Ghazal
300,0.486,0.489,-11.968,0.249,0.0,0.156,0.682,128.731,Ghazal
301,0.681,0.242,-18.064,0.597,0.000192,0.105,0.549,90.635,Ghazal
302,0.513,0.359,-11.288,0.971,9.85e-05,0.218,0.741,120.251,Ghazal
303,0.373,0.424,-12.798,0.573,0.0,0.0496,0.445,155.468,Ghazal
304,0.451,0.807,-2.222,0.649,0.0,0.143,0.613,90.136,Ghazal
305,0.521,0.341,-13.687,0.949,0.00934,0.12,0.663,99.801,Ghazal
306,0.366,0.454,-10.701,0.631,0.0,0.286,0.28,138.327,Ghazal
307,0.4,0.661,-7.783,0.86,0.0,0.0868,0.682,103.674,Ghazal
308,0.461,0.412,-10.772,0.707,1.45e-05,0.141,0.367,125.794,Ghazal
309,0.582,0.262,-14.212,0.828,7.41e-05,0.0812,0.489,95.191,Ghazal
310,0.681,0.888,-4.716,0.342,0.0,0.087,0.781,133.991,Ghazal
311,0.572,0.43,-14.334,0.593,0.0,0.0808,0.6,150.075,Ghazal
312,0.403,0.439,-15.154,0.073,0.00069,0.0828,0.325,84.822,Ghazal
313,0.628,0.551,-6.841,0.394,0.0,0.178,0.385,136.899,Ghazal
314,0.527,0.693,-7.529,0.706,0.0,0.0533,0.609,143.007,Ghazal
315,0.374,0.331,-12.652,0.352,1.46e-05,0.178,0.594,171.381,Ghazal
316,0.527,0.447,-12.014,0.243,0.0,0.255,0.536,94.051,Ghazal
317,0.582,0.262,-14.212,0.828,7.41e-05,0.0812,0.489,95.191,Ghazal
318,0.527,0.735,-11.352,0.501,0.0,0.0318,0.892,139.064,Ghazal
319,0.694,0.622,-7.716,0.393,4.11e-05,0.0665,0.451,128.026,Ghazal
320,0.63,0.781,-10.534,0.629,1.84e-05,0.232,0.772,145.436,Ghazal
321,0.64,0.399,-16.303,0.427,0.00247,0.381,0.579,87.972,Ghazal
322,0.36,0.755,-6.312,0.555,3.22e-06,0.411,0.546,112.812,Ghazal
323,0.351,0.526,-9.629,0.901,0.0138,0.74,0.354,142.475,Ghazal
324,0.391,0.48,-11.934,0.919,0.0156,0.768,0.771,100.761,Ghazal
325,0.44,0.492,-11.875,0.963,0.802,0.325,0.553,127.366,Ghazal
326,0.313,0.528,-11.037,0.894,0.113,0.114,0.267,133.409,Ghazal
327,0.807,0.458,-11.461,0.0977,0.000643,0.189,0.59,113.092,Ghazal
328,0.293,0.35,-11.274,0.96,0.0011,0.147,0.274,90.771,Ghazal
329,0.404,0.482,-13.211,0.795,0.00134,0.158,0.772,132.968,Ghazal
330,0.354,0.272,-13.642,0.907,0.612,0.0848,0.263,90.566,Ghazal
331,0.482,0.716,-9.984,0.678,0.0,0.102,0.65,82.882,Ghazal
332,0.537,0.754,-7.258,0.176,0.0,0.234,0.599,90.042,Ghazal
333,0.514,0.459,-11.792,0.91,0.00217,0.393,0.835,109.924,Ghazal
334,0.705,0.48,-12.556,0.909,0.00473,0.0944,0.8,108.178,Ghazal
335,0.527,0.447,-12.014,0.243,0.0,0.255,0.536,94.051,Ghazal
336,0.697,0.896,0.005,0.867,0.875,0.313,0.875,122.283,Ghazal
337,0.409,0.29,-9.136,0.552,3.82e-06,0.54,0.291,179.895,Ghazal
338,0.807,0.458,-11.461,0.0977,0.000643,0.189,0.59,113.092,Ghazal
339,0.604,0.497,-6.933,0.748,0.0,0.358,0.549,95.008,Ghazal
340,0.729,0.602,-10.323,0.171,0.0,0.0568,0.869,147.998,Ghazal
341,0.543,0.637,-9.817,0.2,0.000119,0.0806,0.827,79.087,Ghazal
342,0.64,0.492,-9.308,0.543,1.32e-06,0.0953,0.796,149.901,Ghazal
343,0.374,0.331,-12.652,0.352,1.46e-05,0.178,0.594,171.381,Ghazal
344,0.422,0.484,-4.841,0.642,0.0,0.216,0.282,79.951,Ghazal
345,0.51,0.683,-8.428,0.667,1.06e-06,0.362,0.672,145.281,Ghazal
346,0.315,0.382,-19.335,0.893,0.000595,0.0856,0.498,81.177,Ghazal
347,0.582,0.407,-14.355,0.865,0.0629,0.54,0.952,155.577,Ghazal
348,0.623,0.762,-4.062,0.0158,0.0,0.28,0.197,89.366,Hip-Hop
349,0.478,0.525,-8.98,0.00172,0.0,0.0771,0.0665,90.02,Hip-Hop
350,0.789,0.839,-4.844,0.0353,0.0,0.185,0.546,95.064,Hip-Hop
351,0.813,0.586,-10.478,0.0547,0.0,0.238,0.798,160.043,Hip-Hop
352,0.503,0.751,-5.785,0.215,0.0,0.0551,0.324,90.04,Hip-Hop
353,0.602,0.545,-8.097,0.0023,0.0,0.11,0.0791,113.791,Hip-Hop
354,0.645,0.56,-8.762,0.00495,9.51e-05,0.0501,0.345,141.872,Hip-Hop
355,0.811,0.458,-9.688,0.0193,1.41e-06,0.0526,0.797,92.94,Hip-Hop
356,0.944,0.613,-5.999,0.00818,0.0,0.0893,0.328,120.102,Hip-Hop
357,0.844,0.754,-5.46,0.00833,3.42e-06,0.0575,0.961,100.002,Hip-Hop
358,0.738,0.587,-7.236,0.00191,0.026,0.0414,0.781,186.411,Hip-Hop
359,0.578,0.588,-4.92,0.415,0.0,0.114,0.3,79.174,Hip-Hop
360,0.857,0.867,-4.952,0.0271,0.0,0.128,0.918,104.382,Hip-Hop
361,0.468,0.626,-8.273,0.0501,0.0,0.0835,0.396,167.394,Hip-Hop
362,0.746,0.653,-6.745,0.378,0.0,0.229,0.672,75.016,Hip-Hop
363,0.751,0.708,-5.653,0.0482,1.85e-05,0.107,0.509,108.97,Hip-Hop
364,0.458,0.766,-5.401,0.113,6.8e-05,0.207,0.688,111.26,Hip-Hop
365,0.735,0.687,-7.313,0.152,0.000457,0.0952,0.534,123.037,Hip-Hop
366,0.637,0.66,-4.792,0.217,0.0,0.09,0.503,90.876,Hip-Hop
367,0.444,0.287,-10.631,0.849,2.82e-06,0.161,0.246,124.027,Hip-Hop
368,0.709,0.362,-9.814,0.157,0.0,0.109,0.113,122.043,Hip-Hop
369,0.885,0.595,-5.487,0.656,4.42e-06,0.105,0.754,148.034,Hip-Hop
370,0.85,0.405,-7.509,0.119,0.000118,0.0707,0.344,139.976,Hip-Hop
371,0.736,0.622,-4.653,0.0235,0.0,0.151,0.506,191.971,Hip-Hop
372,0.7,0.538,-5.952,0.000204,0.0,0.105,0.189,136.518,Hip-Hop
373,0.851,0.625,-5.417,0.195,0.0,0.266,0.668,99.061,Hip-Hop
374,0.837,0.626,-4.697,0.0675,0.0,0.257,0.114,95.987,Hip-Hop
375,0.4,0.882,-1.958,0.168,0.0,0.124,0.385,167.114,Hip-Hop
376,0.679,0.509,-7.31,0.0856,0.0,0.438,0.534,144.29,Hip-Hop
377,0.654,0.762,-3.994,0.0956,0.0,0.171,0.0728,132.1,Hip-Hop
378,0.677,0.531,-7.683,0.219,0.0,0.173,0.57,91.104,Hip-Hop
379,0.721,0.836,-3.972,0.112,0.0,0.235,0.508,126.279,Hip-Hop
380,0.722,0.329,-11.617,0.088,0.0,0.081,0.166,99.991,Hip-Hop
381,0.857,0.867,-4.952,0.0271,0.0,0.128,0.918,104.382,Hip-Hop
382,0.688,0.601,-9.432,0.0608,0.0,0.0611,0.56,127.662,Hip-Hop
383,0.577,0.662,-5.124,0.423,0.0,0.118,0.667,156.364,Hip-Hop
384,0.812,0.398,-9.832,0.453,5.4e-06,0.12,0.189,119.955,Hip-Hop
385,0.577,0.601,-8.312,0.0502,0.0,0.255,0.564,152.097,Hip-Hop
386,0.458,0.766,-5.401,0.113,6.8e-05,0.207,0.688,111.26,Hip-Hop
387,0.7,0.384,-9.788,0.152,0.000193,0.327,0.681,77.057,Hip-Hop
388,0.873,0.5,-7.3,0.114,1.05e-05,0.132,0.529,155.07,Hip-Hop
389,0.873,0.5,-7.3,0.114,1.05e-05,0.132,0.529,155.07,Hip-Hop
390,0.713,0.471,-7.392,0.421,0.0,0.0308,0.781,199.765,Hip-Hop
391,0.833,0.681,-6.028,0.0956,0.0,0.0414,0.887,95.48,Hip-Hop
392,0.904,0.723,-5.224,0.0631,0.0,0.185,0.835,145.013,Hip-Hop
393,0.939,0.785,-5.29,0.291,0.0,0.0916,0.545,105.069,Hip-Hop
394,0.772,0.59,-6.957,0.0917,0.0,0.101,0.743,83.998,Hip-Hop
395,0.867,0.68,-5.508,0.0679,0.0,0.0935,0.591,101.652,Hip-Hop
396,0.772,0.695,-8.013,0.00295,0.0,0.427,0.643,137.868,Hip-Hop
397,0.493,0.542,-8.016,0.0774,0.0,0.239,0.172,109.399,Hip-Hop
398,0.485,0.629,-6.253,0.0728,1.2e-05,0.0951,0.448,163.528,Hip-Hop
399,0.691,0.541,-5.873,0.508,0.0,0.0753,0.319,127.683,Hip-Hop
400,0.86,0.507,-5.776,0.0408,6.15e-06,0.14,0.15,85.005,Hip-Hop
401,0.716,0.668,-5.136,0.279,0.0,0.337,0.744,141.006,Hip-Hop
402,0.732,0.772,-6.142,0.194,1.54e-06,0.242,0.493,123.009,Hip-Hop
403,0.567,0.388,-9.579,0.782,0.000309,0.248,0.452,116.362,Hip-Hop
404,0.81,0.566,-8.33,0.107,0.0,0.122,0.582,142.069,Hip-Hop
405,0.92,0.833,-3.18,0.0277,0.0,0.0596,0.645,141.033,Hip-Hop
406,0.764,0.396,-8.566,0.227,7.54e-05,0.12,0.475,92.006,Hip-Hop
407,0.34,0.426,-7.216,0.652,0.0,0.0891,0.349,111.528,Hip-Hop
408,0.802,0.737,-4.862,0.275,0.0,0.113,0.712,127.014,Hip-Hop
409,0.833,0.619,-5.595,0.111,2.13e-05,0.159,0.901,109.92,Hip-Hop
410,0.735,0.441,-8.412,0.0972,0.0,0.0967,0.591,108.015,Hip-Hop
411,0.691,0.675,-5.612,0.345,0.0,0.229,0.925,73.024,Hip-Hop
412,0.765,0.795,-4.559,0.22,0.000397,0.108,0.654,101.981,Hip-Hop
413,0.768,0.623,-2.88,0.377,0.0,0.0609,0.428,105.025,Hip-Hop
414,0.461,0.653,-8.617,0.158,0.0,0.197,0.588,81.628,Hip-Hop
415,0.691,0.529,-4.535,0.171,0.0,0.135,0.58,96.024,Hip-Hop
416,0.804,0.66,-4.86,0.0319,0.0,0.103,0.257,94.053,Hip-Hop
417,0.547,0.475,-10.77,0.358,0.0,0.198,0.357,99.464,Hip-Hop
418,0.67,0.616,-6.123,0.573,0.0,0.0535,0.523,120.129,Hip-Hop
419,0.677,0.557,-8.409,0.00508,8.36e-06,0.0984,0.1,150.127,Hip-Hop
420,0.545,0.325,-15.253,0.943,0.315,0.112,0.039,105.85,Hip-Hop
421,0.644,0.443,-7.308,0.442,0.0,0.117,0.0534,109.936,Hip-Hop
422,0.577,0.662,-5.124,0.423,0.0,0.118,0.667,156.364,Hip-Hop
423,0.817,0.646,-5.12,0.0152,0.0,0.125,0.835,162.898,Hip-Hop
424,0.724,0.636,-8.476,0.0477,0.0,0.133,0.45,139.958,Hip-Hop
425,0.35,0.12,-11.104,0.982,0.000289,0.103,0.121,68.995,Hip-Hop
426,0.765,0.437,-10.122,0.0267,1.28e-06,0.167,0.499,92.414,Hip-Hop
427,0.444,0.708,-5.926,0.0419,0.0,0.0775,0.26,105.412,Hip-Hop
428,0.758,0.642,-8.128,0.0745,0.0,0.191,0.701,142.078,Hip-Hop
429,0.59,0.598,-7.153,0.0697,0.0,0.112,0.34,156.073,Hip-Hop
430,0.84,0.571,-7.421,0.16,0.0,0.406,0.617,116.59,Hip-Hop
431,0.819,0.778,-5.839,0.029,0.0,0.215,0.779,96.72,Hip-Hop
432,0.737,0.597,-7.333,0.292,0.0,0.13,0.448,92.049,Hip-Hop
433,0.794,0.728,-6.759,0.121,8.82e-06,0.227,0.36,105.024,Hip-Hop
434,0.543,0.394,-9.637,0.695,0.000239,0.108,0.118,137.811,Hip-Hop
435,0.274,0.792,-4.388,0.00833,0.0,0.131,0.092,179.067,Metal
436,0.266,0.866,-7.885,5.44e-06,0.0185,0.0961,0.211,119.41,Metal
437,0.5,0.948,-6.438,0.000749,0.102,0.0698,0.374,144.401,Metal
438,0.343,0.981,-4.13,0.00508,0.00188,0.0795,0.16,105.88,Metal
439,0.374,0.607,-8.593,0.326,0.203,0.14,0.484,168.524,Metal
440,0.702,0.58,-8.843,0.6,0.727,0.125,0.717,76.008,Metal
441,0.526,0.878,-5.654,0.000783,7.73e-06,0.272,0.489,95.985,Metal
442,0.485,0.656,-9.8,0.00479,0.753,0.153,0.126,172.053,Metal
443,0.388,0.468,-9.155,0.0479,0.425,0.705,0.112,128.814,Metal
444,0.505,0.903,-8.055,0.00109,0.85,0.185,0.52,127.118,Metal
445,0.416,0.988,-3.466,0.000839,0.0,0.137,0.47,174.995,Metal
446,0.481,0.985,-4.535,1.38e-05,0.114,0.106,0.204,94.935,Metal
447,0.666,0.516,-9.602,0.226,0.878,0.11,0.603,89.47,Metal
448,0.457,0.424,-8.861,0.351,0.0,0.105,0.134,137.769,Metal
449,0.521,0.985,-4.165,9.68e-05,0.0,0.209,0.151,75.013,Metal
450,0.473,0.989,-4.212,0.000645,5.7e-06,0.342,0.327,93.988,Metal
451,0.433,0.595,-6.797,0.101,0.0,0.342,0.24,74.989,Metal
452,0.776,0.498,-8.202,0.134,0.631,0.119,0.875,86.332,Metal
453,0.399,0.985,-5.114,2.11e-05,0.566,0.0537,0.224,94.233,Metal
454,0.454,0.913,-4.008,0.408,0.000271,0.248,0.521,137.688,Metal
455,0.409,0.877,-5.865,0.00329,0.0,0.222,0.403,177.928,Metal
456,0.233,0.706,-7.445,0.459,0.0147,0.159,0.255,125.694,Metal
457,0.622,0.905,-5.12,0.00329,2.93e-05,0.115,0.441,96.049,Metal
458,0.509,0.856,-3.943,0.00017,0.00302,0.12,0.535,84.542,Metal
459,0.279,0.877,-4.513,0.000668,0.0198,0.0946,0.328,112.494,Metal
460,0.448,0.947,-6.658,0.000119,0.0201,0.116,0.0835,124.045,Metal
461,0.387,0.942,-8.052,0.00854,0.000437,0.491,0.251,134.558,Metal
462,0.448,0.871,-4.911,0.00182,1.72e-05,0.0832,0.404,156.049,Metal
463,0.68,0.573,-7.459,0.325,0.913,0.158,0.332,88.494,Metal
464,0.284,0.888,-5.356,0.000533,0.21,0.075,0.226,93.906,Metal
465,0.334,0.933,-4.49,0.00732,0.0,0.264,0.18,132.812,Metal
466,0.496,0.62,-7.458,0.00386,1.47e-06,0.114,0.279,140.06,Metal
467,0.558,0.886,-4.196,0.000595,9.91e-05,0.0904,0.171,114.041,Metal
468,0.307,0.748,-6.514,0.212,0.000153,0.368,0.347,108.227,Metal
469,0.507,0.479,-8.624,0.0388,0.0,0.118,0.107,139.68,Metal
470,0.405,0.949,-4.599,1.5e-05,0.889,0.215,0.188,94.422,Metal
471,0.476,0.991,-2.855,0.00191,0.0,0.121,0.202,82.997,Metal
472,0.329,0.974,-8.77,0.000852,0.000118,0.0904,0.234,140.862,Metal
473,0.544,0.96,-4.681,0.00058,1.99e-05,0.0531,0.718,154.966,Metal
474,0.342,0.898,-6.5,0.000562,0.083,0.251,0.564,89.533,Metal
475,0.174,0.872,-5.966,7.67e-06,0.778,0.262,0.134,134.54,Metal
476,0.581,0.791,-7.262,0.00835,6.02e-05,0.142,0.619,123.887,Metal
477,0.476,0.331,-14.884,0.31,2.82e-06,0.172,0.24,130.574,Metal
478,0.362,0.963,-4.564,3.01e-05,7.63e-05,0.075,0.735,141.253,Metal
479,0.425,0.992,-3.462,0.000122,0.121,0.0548,0.251,102.547,Metal
480,0.32,0.992,-4.209,1.29e-05,0.555,0.295,0.29,119.982,Metal
481,0.501,0.944,-6.368,0.00562,0.0,0.366,0.652,130.31,Metal
482,0.616,0.734,-7.349,0.00878,0.0715,0.16,0.302,110.838,Metal
483,0.684,0.539,-7.593,0.175,0.584,0.0698,0.748,79.002,Metal
484,0.383,0.971,-3.937,2.72e-05,0.00452,0.0872,0.404,154.914,Metal
485,0.481,0.746,-4.233,0.000687,0.0,0.131,0.545,85.934,Metal
486,0.663,0.531,-8.275,0.0791,0.753,0.128,0.336,88.501,Metal
487,0.33,0.734,-4.972,0.000953,0.0,0.0874,0.256,178.986,Metal
488,0.449,0.994,-4.836,0.000106,2.13e-06,0.102,0.447,149.91,Metal
489,0.363,0.7,-7.404,0.0526,0.00938,0.113,0.277,146.193,Metal
490,0.495,0.961,-4.036,0.00508,1.29e-05,0.0492,0.447,100.494,Metal
491,0.578,0.937,-3.926,0.000963,2.25e-06,0.4,0.769,137.937,Metal
492,0.525,0.619,-8.096,0.127,0.0,0.172,0.381,92.501,Metal
493,0.397,0.852,-6.348,0.00024,0.000282,0.228,0.506,96.064,Metal
494,0.501,0.762,-7.997,0.0383,0.0411,0.313,0.0665,83.941,Metal
495,0.161,0.992,-7.427,5.37e-05,0.973,0.485,0.0752,181.826,Metal
496,0.274,0.821,-4.559,0.00256,9e-06,0.154,0.301,73.222,Metal
497,0.375,0.818,-2.031,0.000372,2.86e-05,0.121,0.411,75.966,Metal
498,0.297,0.977,-4.664,7.68e-05,0.581,0.37,0.184,105.891,Metal
499,0.273,0.987,-4.02,0.000669,0.00023,0.0606,0.296,176.768,Metal
500,0.354,0.829,-3.834,0.00183,0.0,0.119,0.195,163.958,Metal
501,0.705,0.58,-7.745,0.0393,0.365,0.111,0.303,131.877,Metal
502,0.664,0.828,-6.053,0.00839,0.0,0.294,0.82,103.985,Metal
503,0.542,0.963,-4.659,0.000313,0.102,0.255,0.471,97.01,Metal
504,0.626,0.721,-6.35,0.0014,0.00575,0.203,0.493,116.414,Metal
505,0.291,0.887,-4.629,0.161,0.000634,0.103,0.183,175.921,Metal
506,0.486,0.981,-4.171,0.00111,0.000276,0.151,0.296,76.082,Metal
507,0.357,0.971,-4.098,0.000128,5.4e-06,0.299,0.459,195.071,Metal
508,0.231,0.893,-7.38,0.00334,0.307,0.699,0.0398,137.841,Metal
509,0.508,0.966,-5.1,0.0116,0.894,0.235,0.472,121.996,Metal
510,0.485,0.674,-6.471,0.0428,4.51e-05,0.103,0.224,72.438,Metal
511,0.562,0.719,-5.842,0.000847,0.108,0.109,0.16,74.516,Metal
512,0.282,0.656,-6.557,0.0105,0.0,0.0892,0.242,139.352,Metal
513,0.435,0.836,-4.549,0.000205,0.497,0.23,0.0523,113.036,Metal
514,0.416,0.957,-3.964,0.00355,0.000314,0.0687,0.751,137.873,Metal
515,0.631,0.614,-11.278,0.171,0.112,0.0747,0.591,168.125,Metal
516,0.346,0.749,-6.506,0.00167,8.86e-05,0.648,0.315,102.591,Metal
517,0.548,0.514,-11.519,0.373,0.473,0.135,0.435,77.951,Metal
518,0.546,0.977,-4.603,0.000281,0.805,0.146,0.355,107.999,Metal
519,0.464,0.955,-5.55,0.000194,0.611,0.0954,0.312,124.993,Metal
520,0.303,0.978,-2.123,0.00653,0.0,0.0958,0.28,170.286,Metal
521,0.844,0.568,-9.834,0.0969,0.604,0.109,0.378,80.007,Metal
522,0.772,0.396,-12.94,0.113,0.0115,0.0708,0.599,127.965,Pop
523,0.847,0.754,-5.444,0.00804,4.49e-06,0.0517,0.957,100.0,Pop
524,0.748,0.767,-5.335,0.141,5.06e-06,0.0999,0.821,112.025,Pop
525,0.743,0.898,-4.8,0.109,0.000235,0.16,0.723,112.035,Pop
526,0.544,0.915,-3.405,0.129,0.000914,0.115,0.51,126.094,Pop
527,0.715,0.668,-5.083,0.0357,0.0,0.0869,0.377,124.014,Pop
528,0.595,0.507,-7.892,0.732,1.97e-05,0.106,0.337,86.099,Pop
529,0.723,0.633,-7.534,0.108,0.0,0.104,0.915,94.086,Pop
530,0.371,0.0731,-8.051,0.931,0.0,0.0717,0.316,137.466,Pop
531,0.775,0.573,-4.933,0.495,0.0,0.126,0.667,101.925,Pop
532,0.768,0.623,-2.88,0.377,0.0,0.0609,0.428,105.025,Pop
533,0.554,0.774,-5.813,0.0377,0.0,0.114,0.683,121.951,Pop
534,0.42,0.258,-16.526,0.532,0.0464,0.0885,0.136,174.235,Pop
535,0.863,0.588,-7.141,0.142,3.42e-05,0.457,0.751,117.911,Pop
536,0.701,0.457,-8.562,0.0138,0.0,0.054,0.298,127.925,Pop
537,0.622,0.532,-7.143,0.269,5.37e-05,0.158,0.364,76.459,Pop
538,0.591,0.705,-6.519,0.381,0.000116,0.131,0.27,121.799,Pop
539,0.648,0.736,-7.948,0.0444,0.000137,0.171,0.378,103.027,Pop
540,0.415,0.369,-10.044,0.0303,7.64e-06,0.383,0.0913,95.746,Pop
541,0.71,0.61,-6.316,0.0371,0.00178,0.133,0.457,125.018,Pop
542,0.693,0.678,-7.159,0.0154,6.05e-06,0.101,0.404,103.952,Pop
543,0.59,0.598,-7.153,0.0697,0.0,0.112,0.34,156.073,Pop
544,0.58,0.804,-4.618,0.0304,0.00359,0.105,0.137,126.005,Pop
545,0.754,0.319,-8.773,0.425,1.1e-06,0.127,0.382,129.858,Pop
546,0.827,0.673,-8.401,0.192,0.00136,0.146,0.779,78.007,Pop
547,0.812,0.398,-9.832,0.453,5.4e-06,0.12,0.189,119.955,Pop
548,0.477,0.706,-6.625,0.0485,0.0,0.247,0.644,79.881,Pop
549,0.625,0.744,-7.0,0.00479,0.0,0.18,0.49,109.863,Pop
550,0.79,0.472,-6.999,0.325,5.83e-06,0.276,0.287,115.055,Pop
551,0.648,0.531,-5.886,0.26,0.000897,0.12,0.253,143.008,Pop
552,0.648,0.736,-7.948,0.0444,0.000137,0.171,0.378,103.027,Pop
553,0.877,0.854,-4.523,0.0544,5.5e-05,0.144,0.54,114.472,Pop
554,0.685,0.712,-4.302,0.334,1.1e-06,0.047,0.483,114.989,Pop
555,0.719,0.705,-5.057,0.0175,0.0,0.348,0.599,100.03,Pop
556,0.676,0.786,-4.529,0.197,0.0,0.0943,0.483,125.983,Pop
557,0.662,0.868,-4.025,0.00882,0.00244,0.584,0.353,92.998,Pop
558,0.708,0.587,-7.93,0.273,0.0,0.0718,0.554,83.46,Pop
559,0.617,0.642,-8.624,0.13,0.157,0.0929,0.221,105.885,Pop
560,0.808,0.535,-12.521,0.179,9.91e-05,0.158,0.848,114.031,Pop
561,0.927,0.573,-5.804,0.0339,0.000179,0.1,0.767,114.994,Pop
562,0.714,0.6,-8.365,0.0465,0.0,0.0646,0.504,82.017,Pop
563,0.767,0.543,-7.881,0.049,0.0,0.115,0.485,106.029,Pop
564,0.665,0.749,-6.526,0.0375,1.95e-06,0.0837,0.701,146.886,Pop
565,0.653,0.609,-7.519,0.263,0.00101,0.233,0.482,95.982,Pop
566,0.584,0.7,-4.251,0.512,2.43e-05,0.13,0.549,163.953,Pop
567,0.63,0.625,-5.088,0.231,0.0,0.0765,0.683,167.998,Pop
568,0.888,0.815,-4.909,0.23,0.000424,0.127,0.961,127.273,Pop
569,0.62,0.406,-9.419,0.577,0.0,0.099,0.224,90.048,Pop
570,0.73,0.767,-5.414,0.0507,0.0,0.145,0.376,122.018,Pop
571,0.736,0.449,-7.956,0.506,6.63e-05,0.117,0.487,147.971,Pop
572,0.66,0.7,-8.316,0.0489,9.63e-06,0.266,0.173,98.029,Pop
573,0.584,0.54,-7.786,0.0895,0.0,0.261,0.195,137.972,Pop
574,0.698,0.859,-5.234,0.114,0.208,0.228,0.518,126.039,Pop
575,0.47,0.422,-7.474,0.177,0.000216,0.0879,0.218,149.505,Pop
576,0.598,0.74,-7.391,0.026,0.0,0.0895,0.342,123.945,Pop
577,0.858,0.638,-4.742,0.106,0.0,0.107,0.697,155.828,Pop
578,0.455,0.688,-4.747,0.041,0.0,0.354,0.413,148.038,Pop
579,0.634,0.496,-6.077,0.333,0.0,0.13,0.546,119.627,Pop
580,0.566,0.766,-5.036,0.431,0.0,0.101,0.547,168.005,Pop
581,0.506,0.275,-8.464,0.494,0.00377,0.101,0.0639,153.769,Pop
582,0.66,0.707,-5.758,0.397,0.0,0.211,0.761,89.279,Pop
583,0.594,0.936,-3.396,0.252,0.0743,0.091,0.393,122.868,Pop
584,0.552,0.741,-5.419,0.284,8.2e-05,0.334,0.718,69.709,Pop
585,0.618,0.66,-8.14,0.0292,2.07e-06,0.325,0.408,105.0,Pop
586,0.475,0.404,-8.899,0.65,0.0,0.1,0.463,104.513,Pop
587,0.678,0.572,-7.033,0.00374,6.59e-05,0.118,0.444,87.165,Pop
588,0.407,0.147,-8.822,0.857,2.89e-06,0.0913,0.0765,141.284,Pop
589,0.669,0.747,-7.108,0.141,0.0,0.185,0.483,122.531,Pop
590,0.678,0.812,-2.698,0.0365,1.48e-06,0.0805,0.293,110.035,Pop
591,0.52,0.449,-8.957,0.205,0.000687,0.191,0.364,189.243,Pop
592,0.765,0.398,-8.993,0.0681,8.48e-06,0.14,0.348,95.976,Pop
593,0.553,0.954,-2.883,0.00377,0.0429,0.408,0.236,125.89,Pop
594,0.63,0.504,-6.152,0.0953,0.0,0.308,0.487,89.946,Pop
595,0.647,0.851,-5.819,0.000911,0.0291,0.12,0.799,101.015,Pop
596,0.791,0.638,-7.125,0.396,0.00316,0.171,0.955,94.155,Pop
597,0.52,0.647,-7.222,0.625,0.286,0.148,0.205,120.001,Pop
598,0.681,0.773,-5.749,0.019,1.28e-06,0.11,0.429,119.961,Pop
599,0.412,0.441,-11.523,0.0296,0.0726,0.306,0.174,185.571,Pop
600,0.794,0.864,-4.815,0.00134,0.000486,0.177,0.509,123.042,Pop
601,0.767,0.792,-4.661,0.106,0.0,0.251,0.534,119.998,Pop
602,0.754,0.877,-4.544,0.189,0.0,0.265,0.649,122.001,Pop
603,0.567,0.388,-9.579,0.782,0.000309,0.248,0.452,116.362,Pop
604,0.398,0.709,-4.602,0.334,0.0,0.142,0.714,78.089,Pop
605,0.547,0.859,-3.762,0.0569,0.0,0.271,0.379,128.05,Pop
606,0.599,0.448,-6.312,0.163,0.0,0.106,0.168,95.05,Pop
607,0.717,0.741,-6.645,0.155,0.0,0.133,0.188,105.997,Pop
608,0.724,0.405,-10.389,0.351,0.839,0.0636,0.348,125.982,Pop
609,0.606,0.553,-12.537,0.682,6.93e-05,0.191,0.868,130.657,Qawwali
610,0.246,0.0172,-18.997,0.992,0.819,0.265,0.0868,67.32,Qawwali
611,0.398,0.0448,-18.291,0.988,0.696,0.0788,0.046,115.421,Qawwali
612,0.555,0.302,-24.727,0.668,2.83e-06,0.0778,0.565,118.4,Qawwali
613,0.831,0.737,-11.51,0.185,0.000937,0.153,0.82,125.552,Qawwali
614,0.432,0.695,-8.022,0.732,0.0014,0.274,0.513,116.153,Qawwali
615,0.727,0.557,-10.989,0.761,0.0363,0.183,0.198,109.977,Qawwali
616,0.521,0.837,-4.501,0.0593,1.28e-05,0.157,0.48,106.001,Qawwali
617,0.815,0.833,-6.117,0.0297,2e-05,0.33,0.563,99.989,Qawwali
618,0.592,0.488,-12.989,0.551,9.47e-05,0.255,0.833,108.248,Qawwali
619,0.59,0.875,-5.294,0.45,1.18e-05,0.164,0.736,96.915,Qawwali
620,0.585,0.759,-4.029,0.385,0.0,0.162,0.512,139.986,Qawwali
621,0.554,0.606,-12.312,0.578,0.000183,0.11,0.584,93.922,Qawwali
622,0.52,0.65,-6.659,0.108,0.0,0.153,0.517,140.161,Qawwali
623,0.471,0.329,-11.958,0.78,0.0021,0.117,0.144,126.107,Qawwali
624,0.559,0.318,-11.106,0.857,1.88e-06,0.11,0.684,80.242,Qawwali
625,0.729,0.505,-9.236,0.229,0.0,0.0975,0.723,148.435,Qawwali
626,0.836,0.629,-7.812,0.359,3.01e-05,0.101,0.801,115.048,Qawwali
627,0.514,0.642,-11.835,0.17,0.0,0.262,0.81,78.657,Qawwali
628,0.637,0.573,-6.69,0.279,3.46e-06,0.0617,0.704,90.017,Qawwali
629,0.432,0.695,-8.022,0.732,0.0014,0.274,0.513,116.153,Qawwali
630,0.267,0.0322,-18.147,0.984,0.816,0.232,0.0609,88.531,Qawwali
631,0.622,0.49,-12.664,0.791,0.0,0.802,0.767,116.132,Qawwali
632,0.346,0.309,-10.124,0.388,0.0739,0.0898,0.159,84.407,Qawwali
633,0.494,0.682,-7.481,0.788,0.0,0.482,0.639,135.619,Qawwali
634,0.8,0.634,-5.895,0.356,0.000605,0.0733,0.46,100.001,Qawwali
635,0.41,0.183,-13.614,0.925,0.73,0.0935,0.131,160.08,Qawwali
636,0.853,0.745,-8.636,0.0642,1.87e-06,0.0274,0.882,107.985,Qawwali
637,0.649,0.716,-3.936,0.268,4.51e-06,0.603,0.639,86.949,Qawwali
638,0.704,0.255,-15.758,0.8,0.847,0.0818,0.172,94.98,Qawwali
639,0.469,0.737,-7.274,0.725,0.00272,0.0655,0.572,79.545,Qawwali
640,0.484,0.797,-4.629,0.172,0.0,0.267,0.699,83.542,Qawwali
641,0.533,0.436,-7.521,0.234,3.17e-06,0.46,0.371,146.868,Qawwali
642,0.689,0.742,-7.571,0.0339,0.0046,0.0928,0.876,155.986,Qawwali
643,0.642,0.812,-4.998,0.077,0.0,0.0854,0.504,119.987,Qawwali
644,0.635,0.342,-14.083,0.595,0.0,0.0777,0.908,114.189,Qawwali
645,0.799,0.828,-4.846,0.424,0.0,0.145,0.627,105.04,Qawwali
646,0.556,0.706,-5.709,0.335,1.8e-06,0.137,0.726,80.008,Qawwali
647,0.619,0.721,-7.53,0.423,8.56e-05,0.0587,0.808,97.32,Qawwali
648,0.574,0.841,-4.449,0.399,1e-06,0.205,0.927,83.706,Qawwali
649,0.569,0.31,-13.287,0.79,0.0,0.341,0.587,97.244,Qawwali
650,0.788,0.55,-7.747,0.173,0.433,0.0937,0.497,101.953,Qawwali
651,0.585,0.759,-4.029,0.385,0.0,0.162,0.512,139.986,Qawwali
652,0.737,0.896,-4.282,0.535,0.000132,0.0705,0.708,89.985,Qawwali
653,0.585,0.759,-4.029,0.385,0.0,0.162,0.512,139.986,Qawwali
654,0.618,0.831,-5.27,0.0298,0.0,0.259,0.28,142.41,Qawwali
655,0.514,0.574,-5.788,0.402,0.0,0.0965,0.4,75.89,Qawwali
656,0.836,0.629,-7.812,0.359,3.01e-05,0.101,0.801,115.048,Qawwali
657,0.771,0.878,-6.879,0.417,6.32e-05,0.332,0.84,120.003,Qawwali
658,0.585,0.688,-4.553,0.551,6.7e-06,0.121,0.814,85.871,Qawwali
659,0.586,0.532,-8.837,0.779,0.000565,0.124,0.494,99.994,Qawwali
660,0.405,0.745,-7.914,0.657,0.00552,0.117,0.751,87.452,Qawwali
661,0.768,0.788,-5.514,0.0992,2.94e-05,0.103,0.931,112.988,Qawwali
662,0.605,0.673,-6.599,0.366,0.0,0.148,0.332,77.964,Qawwali
663,0.586,0.532,-8.837,0.779,0.000565,0.124,0.494,99.994,Qawwali
664,0.586,0.306,-11.432,0.94,2.8e-06,0.285,0.801,99.958,Qawwali
665,0.689,0.742,-7.571,0.0339,0.0046,0.0928,0.876,155.986,Qawwali
666,0.649,0.788,-9.607,0.0717,0.00232,0.0936,0.869,104.999,Qawwali
667,0.377,0.755,-6.573,0.293,1.13e-05,0.141,0.665,91.789,Qawwali
668,0.647,0.719,-6.859,0.196,0.0,0.134,0.4,104.003,Qawwali
669,0.203,0.047,-19.245,0.851,0.44,0.103,0.0421,69.077,Qawwali
670,0.696,0.486,-5.906,0.613,0.0,0.0824,0.448,129.924,Qawwali
671,0.715,0.469,-13.73,0.663,3.3e-05,0.164,0.876,116.529,Qawwali
672,0.334,0.387,-9.483,0.755,3.94e-05,0.113,0.42,129.959,Qawwali
673,0.768,0.788,-5.514,0.0992,2.94e-05,0.103,0.931,112.988,Qawwali
674,0.487,0.763,-7.121,0.652,0.0,0.665,0.599,112.736,Qawwali
675,0.511,0.543,-15.744,0.774,1.08e-05,0.797,0.84,109.954,Qawwali
676,0.378,0.649,-5.197,0.682,5.57e-06,0.3,0.78,92.989,Qawwali
677,0.586,0.532,-8.837,0.779,0.000565,0.124,0.494,99.994,Qawwali
678,0.532,0.529,-8.402,0.334,0.000144,0.078,0.295,81.989,Qawwali
679,0.649,0.788,-9.607,0.0717,0.00232,0.0936,0.869,104.999,Qawwali
680,0.755,0.894,-8.544,0.54,1.55e-05,0.141,0.799,104.985,Qawwali
681,0.456,0.187,-17.233,0.961,0.367,0.133,0.148,148.197,Qawwali
682,0.476,0.72,-6.045,0.233,0.0,0.343,0.73,141.952,Qawwali
683,0.507,0.579,-13.326,0.453,0.0,0.173,0.464,96.99,Qawwali
684,0.287,0.0523,-18.847,0.989,0.836,0.0632,0.0794,80.044,Qawwali
685,0.648,0.703,-4.925,0.63,0.0,0.197,0.608,89.978,Qawwali
686,0.755,0.894,-8.544,0.54,1.55e-05,0.141,0.799,104.985,Qawwali
687,0.771,0.878,-6.879,0.417,6.32e-05,0.332,0.84,120.003,Qawwali
688,0.42,0.481,-8.949,0.255,0.000414,0.0909,0.0594,84.794,Qawwali
689,0.435,0.59,-6.471,0.5,0.0,0.451,0.218,76.307,Qawwali
690,0.402,0.215,-12.825,0.783,0.0185,0.103,0.167,109.775,Qawwali
691,0.531,0.449,-9.578,0.485,0.0,0.309,0.489,80.134,Qawwali
692,0.4,0.694,-8.486,0.573,0.0,0.874,0.727,153.902,Qawwali
693,0.602,0.891,-8.655,0.384,0.00234,0.335,0.548,94.975,Qawwali
694,0.432,0.695,-8.022,0.732,0.0014,0.274,0.513,116.153,Qawwali
695,0.405,0.745,-7.914,0.657,0.00552,0.117,0.751,87.452,Qawwali
696,0.9,0.619,-6.518,0.203,0.00156,0.0647,0.864,94.121,Rap
697,0.884,0.559,-7.442,0.0236,0.0,0.101,0.342,97.994,Rap
698,0.813,0.528,-6.305,0.0715,0.0,0.125,0.131,79.532,Rap
699,0.525,0.433,-10.598,0.107,0.0,0.135,0.276,160.108,Rap
700,0.671,0.833,-5.152,0.0825,0.0,0.0726,0.702,79.351,Rap
701,0.765,0.356,-5.556,0.223,0.0,0.0963,0.189,96.991,Rap
702,0.828,0.392,-8.099,0.0663,0.0,0.162,0.459,104.919,Rap
703,0.834,0.763,-6.54,0.0249,0.0,0.0959,0.532,140.0,Rap
704,0.867,0.744,-5.171,0.268,0.0,0.0713,0.645,84.005,Rap
705,0.809,0.461,-5.677,0.000832,4.43e-05,0.143,0.325,85.992,Rap
706,0.735,0.588,-7.197,0.0356,0.0,0.107,0.434,90.002,Rap
707,0.748,0.789,-4.579,0.26,0.0,0.13,0.67,147.957,Rap
708,0.862,0.65,-6.978,0.0207,0.0,0.568,0.658,131.194,Rap
709,0.724,0.693,-5.379,0.445,0.0,0.389,0.713,139.986,Rap
710,0.834,0.457,-10.775,0.21,0.0,0.0641,0.533,158.008,Rap
711,0.957,0.46,-7.513,0.00418,0.000748,0.0947,0.191,123.951,Rap
712,0.961,0.438,-7.877,0.0431,0.0,0.139,0.412,124.018,Rap
713,0.873,0.452,-7.124,0.0474,0.0,0.0495,0.585,77.031,Rap
714,0.895,0.739,-6.633,0.0183,7.61e-06,0.102,0.763,140.007,Rap
715,0.755,0.704,-6.954,0.372,7.65e-05,0.0804,0.553,81.988,Rap
716,0.802,0.745,-6.988,0.048,0.0,0.105,0.7,152.099,Rap
717,0.779,0.705,-6.383,0.237,0.0,0.0899,0.451,122.996,Rap
718,0.797,0.634,-7.137,0.188,0.0,0.0989,0.538,98.035,Rap
719,0.867,0.561,-5.564,0.0118,0.0,0.111,0.608,98.047,Rap
720,0.537,0.411,-14.059,0.487,9.21e-06,0.3,0.207,94.292,Rap
721,0.825,0.458,-7.47,0.114,0.0,0.102,0.161,145.115,Rap
722,0.822,0.35,-12.207,0.0213,0.0,0.0757,0.346,77.528,Rap
723,0.866,0.53,-6.347,0.517,0.00159,0.0946,0.203,104.952,Rap
724,0.724,0.778,-5.648,0.101,0.0,0.252,0.858,75.007,Rap
725,0.771,0.654,-6.976,0.055,0.0,0.214,0.573,155.047,Rap
726,0.68,0.177,-18.887,0.798,0.000863,0.109,0.327,149.946,Rap
727,0.636,0.481,-6.323,0.213,0.0,0.123,0.346,135.016,Rap
728,0.873,0.577,-9.151,0.353,0.0,0.111,0.956,117.089,Rap
729,0.899,0.509,-8.04,0.00157,0.0,0.0573,0.599,150.001,Rap
730,0.948,0.538,-7.527,0.0212,0.0,0.0944,0.588,122.98,Rap
731,0.711,0.739,-3.804,0.114,0.0,0.226,0.43,136.919,Rap
732,0.635,0.751,-5.055,0.116,0.0,0.0951,0.591,126.806,Rap
733,0.854,0.569,-8.151,0.0609,0.0816,0.1,0.294,80.015,Rap
734,0.773,0.742,-5.453,0.00198,0.0,0.558,0.35,148.949,Rap
735,0.826,0.469,-14.877,0.181,0.0,0.269,0.468,150.047,Rap
736,0.755,0.578,-8.932,0.316,0.0,0.25,0.581,94.148,Rap
737,0.804,0.852,-4.079,0.0219,1.33e-05,0.282,0.752,120.906,Rap
738,0.845,0.768,-5.448,0.00733,5.04e-06,0.0575,0.96,100.0,Rap
739,0.727,0.632,-8.916,0.135,0.0,0.182,0.474,83.755,Rap
740,0.646,0.712,-4.538,0.0201,0.0,0.117,0.616,93.99,Rap
741,0.848,0.649,-6.083,0.232,0.0,0.101,0.629,118.04,Rap
742,0.862,0.65,-6.978,0.0207,0.0,0.568,0.658,131.194,Rap
743,0.888,0.522,-5.867,0.0427,0.0,0.104,0.491,98.003,Rap
744,0.76,0.579,-7.374,0.0129,0.00351,0.106,0.125,100.01,Rap
745,0.86,0.507,-5.776,0.0412,6.55e-06,0.13,0.15,85.005,Rap
746,0.68,0.177,-18.887,0.798,0.000863,0.109,0.327,149.946,Rap
747,0.505,0.267,-13.763,0.279,0.0,0.096,0.439,143.929,Rap
748,0.729,0.687,-8.06,0.0108,0.0,0.162,0.683,160.085,Rap
749,0.847,0.754,-5.444,0.00804,4.49e-06,0.0517,0.957,100.0,Rap
750,0.835,0.413,-9.81,0.373,0.00133,0.101,0.111,149.004,Rap
751,0.474,0.546,-7.201,0.0924,1.45e-06,0.153,0.244,140.707,Rap
752,0.779,0.58,-7.594,0.0178,0.0,0.15,0.299,160.243,Rap
753,0.71,0.796,-6.365,0.0236,0.0,0.152,0.733,159.951,Rap
754,0.771,0.728,-5.39,0.184,0.0,0.139,0.809,131.109,Rap
755,0.889,0.496,-6.365,0.259,0.0,0.252,0.544,86.003,Rap
756,0.889,0.496,-6.365,0.259,0.0,0.252,0.544,86.003,Rap
757,0.543,0.449,-8.065,0.345,0.0,0.157,0.29,132.609,Rap
758,0.654,0.762,-3.994,0.0956,0.0,0.171,0.0728,132.1,Rap
759,0.641,0.72,-4.326,0.0102,0.0,0.154,0.578,77.969,Rap
760,0.646,0.77,-6.596,0.00249,0.0,0.0715,0.681,99.165,Rap
761,0.815,0.824,-2.709,0.0083,0.0,0.351,0.29,120.031,Rap
762,0.836,0.493,-7.011,0.0414,0.0,0.0852,0.781,122.049,Rap
763,0.886,0.479,-8.054,0.077,0.0,0.135,0.408,130.029,Rap
764,0.748,0.789,-4.579,0.26,0.0,0.13,0.67,147.957,Rap
765,0.616,0.606,-5.636,0.00826,0.000208,0.176,0.0919,104.184,Rap
766,0.803,0.759,-4.692,0.00509,0.0,0.0921,0.284,104.0,Rap
767,0.857,0.867,-4.952,0.0271,0.0,0.128,0.918,104.382,Rap
768,0.905,0.575,-8.64,0.067,2.22e-05,0.0602,0.365,115.031,Rap
769,0.779,0.707,-6.527,0.0991,0.0,0.0934,0.343,140.894,Rap
770,0.701,0.778,-5.076,0.125,0.0,0.0828,0.609,99.956,Rap
771,0.916,0.493,-7.371,0.12,2.63e-06,0.211,0.327,140.057,Rap
772,0.503,0.751,-5.785,0.215,0.0,0.0551,0.324,90.04,Rap
773,0.854,0.569,-8.151,0.0609,0.0816,0.1,0.294,80.015,Rap
774,0.736,0.622,-4.653,0.0235,0.0,0.151,0.506,191.971,Rap
775,0.779,0.455,-15.025,0.0542,0.0,0.177,0.197,140.181,Rap
776,0.837,0.659,-3.619,0.167,0.0,0.0912,0.427,125.994,Rap
777,0.57,0.482,-12.1,0.373,0.0173,0.103,0.076,172.015,Rap
778,0.644,0.501,-8.959,0.311,0.0,0.106,0.173,129.828,Rap
779,0.862,0.689,-5.68,0.118,0.0,0.0729,0.364,83.964,Rap
780,0.717,0.347,-10.265,0.0511,2.43e-06,0.087,0.0589,84.987,Rap
781,0.85,0.405,-7.509,0.119,0.000118,0.0707,0.344,139.976,Rap
782,0.763,0.628,-5.85,0.0531,0.0,0.114,0.193,140.958,Rap
783,0.471,0.32,-12.768,0.375,2.12e-05,0.0729,0.262,143.086,Rock
784,0.613,0.72,-7.957,0.0132,0.0,0.104,0.561,117.341,Rock
785,0.516,0.513,-10.762,0.159,0.00957,0.0612,0.694,99.735,Rock
786,0.31,0.998,-5.236,8.7e-05,0.00973,0.417,0.0398,118.933,Rock
787,0.555,0.972,-5.893,3.83e-05,0.268,0.127,0.602,125.118,Rock
788,0.754,0.759,-5.218,0.153,0.000108,0.101,0.435,126.366,Rock
789,0.294,0.938,-7.556,0.00096,0.00154,0.959,0.373,97.865,Rock
790,0.607,0.323,-11.384,0.885,0.000796,0.116,0.3,118.511,Rock
791,0.358,0.893,-7.486,0.0222,0.0524,0.126,0.262,174.238,Rock
792,0.522,0.0949,-13.483,0.909,4.62e-06,0.111,0.173,110.992,Rock
793,0.425,0.903,-4.801,0.405,0.0128,0.117,0.769,108.748,Rock
794,0.351,0.705,-7.976,0.00394,0.000122,0.0977,0.449,98.546,Rock
795,0.626,0.0654,-17.089,0.994,0.000662,0.106,0.724,95.303,Rock
796,0.469,0.669,-7.357,0.0486,0.577,0.111,0.297,153.976,Rock
797,0.346,0.335,-12.453,0.575,0.00674,0.185,0.213,84.204,Rock
798,0.687,0.59,-5.204,0.0889,0.000173,0.171,0.653,136.232,Rock
799,0.527,0.942,-5.64,0.0115,0.0,0.188,0.495,148.723,Rock
800,0.439,0.488,-14.464,0.702,0.000339,0.16,0.629,93.017,Rock
801,0.412,0.882,-5.54,5.96e-05,0.00031,0.0805,0.356,158.066,Rock
802,0.463,0.629,-7.075,0.0524,0.0,0.176,0.459,81.797,Rock
803,0.681,0.737,-5.246,0.0291,7.16e-06,0.0856,0.278,109.95,Rock
804,0.478,0.937,-6.173,0.00771,0.0181,0.84,0.294,131.418,Rock
805,0.388,0.338,-10.054,0.652,3.72e-06,0.248,0.477,177.784,Rock
806,0.752,0.809,-8.399,0.0908,9.41e-05,0.169,0.658,106.999,Rock
807,0.486,0.963,-5.586,0.248,2.39e-06,0.158,0.533,113.133,Rock
808,0.532,0.941,-9.025,0.000579,0.0527,0.15,0.278,102.198,Rock
809,0.449,0.811,-8.17,0.117,2.28e-05,0.0393,0.736,124.594,Rock
810,0.537,0.7,-6.852,0.142,1.58e-06,0.383,0.695,117.111,Rock
811,0.507,0.851,-5.995,0.0612,0.157,0.371,0.587,98.061,Rock
812,0.688,0.688,-5.84,0.3,0.0,0.0982,0.451,114.011,Rock
813,0.502,0.89,-5.175,0.000147,0.0117,0.217,0.259,133.52,Rock
814,0.651,0.908,-4.019,0.00184,0.000579,0.384,0.769,123.851,Rock
815,0.608,0.524,-10.266,0.367,0.00254,0.115,0.797,86.204,Rock
816,0.38,0.938,-6.183,0.0109,0.0257,0.366,0.604,96.653,Rock
817,0.581,0.624,-8.346,0.0987,0.0,0.0411,0.637,139.714,Rock
818,0.605,0.846,-7.755,0.0006,0.886,0.0526,0.952,124.247,Rock
819,0.389,0.873,-4.768,0.00532,0.0055,0.273,0.303,106.767,Rock
820,0.272,0.281,-7.634,0.388,2.29e-05,0.158,0.141,89.914,Rock
821,0.622,0.845,-5.984,0.118,0.0,0.0984,0.715,132.752,Rock
822,0.529,0.768,-5.51,0.00224,0.00075,0.297,0.769,127.316,Rock
823,0.249,0.97,-5.535,4.3e-05,0.224,0.138,0.287,160.687,Rock
824,0.441,0.745,-8.623,0.084,2.22e-05,0.136,0.368,105.191,Rock
825,0.502,0.924,-6.299,0.0127,0.0,0.162,0.922,149.186,Rock
826,0.364,0.925,-4.224,6.01e-05,0.000251,0.0603,0.301,153.981,Rock
827,0.586,0.759,-4.992,0.115,0.0,0.134,0.574,138.785,Rock
828,0.415,0.908,-9.701,0.00437,0.0345,0.082,0.437,114.816,Rock
829,0.568,0.837,-7.744,0.238,0.328,0.0754,0.833,111.186,Rock
830,0.768,0.809,-5.816,0.0271,0.000633,0.0584,0.737,133.838,Rock
831,0.435,0.423,-8.795,0.0916,0.000659,0.132,0.451,91.137,Rock
832,0.506,0.434,-13.758,0.525,0.0011,0.234,0.498,80.523,Rock
833,0.468,0.663,-11.714,0.00739,0.0352,0.124,0.714,90.714,Rock
834,0.612,0.24,-12.821,0.745,7.86e-05,0.115,0.223,122.565,Rock
835,0.464,0.328,-9.005,0.905,0.0,0.135,0.784,70.859,Rock
836,0.799,0.608,-8.193,0.0811,0.0137,0.102,0.963,121.915,Rock
837,0.564,0.947,-4.998,7.81e-06,0.828,0.373,0.351,100.002,Rock
838,0.44,0.466,-9.712,0.17,1.03e-06,0.118,0.543,107.744,Rock
839,0.586,0.941,-5.139,0.0167,0.000776,0.068,0.831,135.448,Rock
840,0.465,0.919,-4.025,1.83e-05,2.07e-05,0.262,0.537,135.997,Rock
841,0.682,0.584,-9.507,0.182,0.000107,0.0468,0.709,92.793,Rock
842,0.476,0.717,-9.192,0.0382,7.61e-05,0.0818,0.753,93.584,Rock
843,0.331,0.55,-6.483,0.605,3.96e-06,0.192,0.429,177.734,Rock
844,0.515,0.534,-8.045,0.181,0.00278,0.0547,0.426,70.776,Rock
845,0.402,0.73,-9.327,0.000312,0.323,0.103,0.296,104.527,Rock
846,0.553,0.398,-11.67,0.664,0.0,0.114,0.392,76.074,Rock
847,0.484,0.791,-6.887,0.00455,0.0844,0.08,0.407,162.163,Rock
848,0.587,0.536,-11.248,0.179,2.75e-05,0.305,0.59,117.498,Rock
849,0.703,0.58,-8.611,0.461,2.74e-05,0.518,0.896,119.855,Rock
850,0.424,0.98,-4.33,0.000855,5.72e-06,0.129,0.296,101.502,Rock
851,0.552,0.742,-7.963,0.218,0.0,0.339,0.751,138.591,Rock
852,0.294,0.745,-9.138,0.05,0.125,0.676,0.347,134.364,Rock
853,0.449,0.994,-4.836,0.000106,2.13e-06,0.102,0.447,149.91,Rock
854,0.752,0.684,-7.599,0.0994,0.0,0.0897,0.539,141.075,Rock
855,0.363,0.38,-10.231,0.803,0.321,0.339,0.152,121.985,Rock
856,0.521,0.552,-10.51,0.643,0.0,0.0895,0.519,127.008,Rock
857,0.5,0.748,-9.072,0.127,0.0,0.447,0.514,118.852,Rock
858,0.527,0.774,-7.379,0.000277,1.69e-05,0.121,0.199,131.841,Rock
859,0.432,0.848,-8.095,0.274,0.0344,0.233,0.743,81.201,Rock
860,0.653,0.519,-10.164,0.406,0.0209,0.101,0.822,98.883,Rock
861,0.554,0.79,-7.126,0.000738,0.00413,0.341,0.598,124.338,Rock
862,0.0968,0.754,-5.395,3.1e-05,0.0148,0.134,0.0608,86.094,Rock
863,0.426,0.693,-9.759,0.0251,0.0065,0.101,0.751,126.804,Rock
864,0.316,0.484,-9.11,0.000334,0.00445,0.0912,0.299,117.363,Rock
865,0.75,0.501,-12.151,0.234,0.112,0.0467,0.902,167.06,Rock
866,0.487,0.885,-12.005,0.000397,0.347,0.0973,0.579,135.516,Rock
867,0.412,0.746,-6.904,0.0575,0.0,0.0791,0.482,77.76,Rock
868,0.31,0.7,-5.678,0.011,0.00965,0.0828,0.763,188.386,Rock
869,0.438,0.805,-6.237,0.00255,5.69e-05,0.0842,0.564,113.253,Rock
